OBJECTID,CASE_ID,ACREAGE,PARCELS,POPULATION,HOUSEHOLDS,APPR_VALUE,AVE_APPR,PERC_RES,PERC_COMM,PERC_IND,TOT_SIGNED,PERCENT_SI,TOT_VOTER,PERC_VOTER,PERIM_FT,COM_BND_FT,OLD_ID,STATUS,COUNTY,EFF_DATE,DOJ_DATE,CREATED_USER,CREATED_DATE,LAST_EDITED_USER,LAST_EDITED_DATE,GLOBALID,ORDNAME,ORDLINK,ANNEXNAME,Shape__Area,Shape__Length
1,ANX-2007-007,22.67932217,0,0,0,0,0,0,0,0,0,0,0,0,987907.32224108,0,7,Deannexed,Fulton,,,COA_DCP_GIS,2021/10/18 13:08:47.429+00,COA_DCP_GIS,2021/10/18 13:08:47.429+00,e97d09e5-ffbd-4d1c-b51f-7e9920e17007,,,,133078.1796875,1836.25220662592
2,ANX-1952-011,94.44275942,0,0,0,0,0,0,0,0,0,0,0,0,4113910.1445475,0,3693,Deannexed,Fulton,1953/01/01 00:00:00+00,,COA_DCP_GIS,2021/10/18 13:08:47.429+00,COA_DCP_GIS,2021/10/18 13:08:47.429+00,c79d0a7a-739d-49fd-904e-6a4aa84c19f6,,,,554742.2734375,3769.75653677963
3,ANX-2008-001,15.44579166,0,0,0,0,0,0,0,0,0,0,0,0,672815.99324015,0,5,Annexed,Fulton,2008/12/01 00:00:00+00,,COA_DCP_GIS,2021/10/18 13:08:47.429+00,COA_DCP_GIS,2021/10/18 13:08:47.429+00,c78eaf10-a390-4a05-9757-d6243c6c7d9c,08-O-1777,https://aimewebapp.blob.core.windows.net/finalactions/08o1777.pdf,,90603.3671875,1397.62490791025
4,ANX-1925-005,278.67328271,0,0,0,0,0,0,0,0,0,0,0,0,12138959.6386806,0,3755,Deannexed,DeKalb,2025/01/01 00:00:00+00,,COA_DCP_GIS,2021/10/18 13:08:47.429+00,COA_DCP_GIS,2021/10/18 13:08:47.429+00,f56a3d65-3e46-4373-82ca-10c889926aae,,,,1637373.359375,9135.18930715139
5,ANX-2007-003,15.86550394,2,0,0,0,0,0,0,0,0,0,0,0,691098.58721404,0,3917,Annexed,Fulton,2007/06/18 00:00:00+00,,COA_DCP_GIS,2021/10/18 13:08:47.429+00,COA_DCP_GIS,2021/10/18 13:08:47.429+00,f12201ab-6b21-4589-8c20-e7ea67385d8e,,,,92925.83984375,1543.05943415916
6,ANX-1945-002,260.33445532,0,0,0,0,0,0,0,0,0,0,0,0,11340123.5133057,0,3650,Annexed,Fulton,1945/01/01 00:00:00+00,,COA_DCP_GIS,2021/10/18 13:08:47.429+00,COA_DCP_GIS,2021/10/18 13:08:47.429+00,ce8d045b-a47b-421c-b0a6-9c9b8e2729ca,,,,1530011.58984375,7642.34462283377
7,ANX-1923-001,410.56540718,0,0,0,0,0,0,0,0,0,0,0,0,17884157.5998357,0,3688,Annexed,Fulton,1923/01/01 00:00:00+00,,COA_DCP_GIS,2021/10/18 13:08:47.429+00,COA_DCP_GIS,2021/10/18 13:08:47.429+00,f84c995f-f5fa-452c-a17f-6268496ec66c,,,,2408736.32421875,8756.11074394072
8,ANX-1926-010,75.85062804,0,0,0,0,0,0,0,0,0,0,0,0,3304040.14117268,0,3684,Annexed,Fulton,1926/01/01 00:00:00+00,,COA_DCP_GIS,2021/10/18 13:08:47.429+00,COA_DCP_GIS,2021/10/18 13:08:47.429+00,8f952c33-3b84-4852-9076-18aca4472ab1,,,,444893.62109375,2747.39285917064
9,ANX-1895-001,143.27354682,0,0,0,0,0,0,0,0,0,0,0,0,6240970.73560687,0,3660,Annexed,Fulton,1895/01/01 00:00:00+00,,COA_DCP_GIS,2021/10/18 13:08:47.429+00,COA_DCP_GIS,2021/10/18 13:08:47.429+00,57afd17e-f5f5-486c-bc02-d325b91bb7e9,,,,841252.89453125,5144.50148475326
10,ANX-1928-003,78.70368047,0,0,0,0,0,0,0,0,0,0,0,0,3428318.60811986,0,3649,Annexed,Fulton,1928/01/01 00:00:00+00,,COA_DCP_GIS,2021/10/18 13:08:47.429+00,COA_DCP_GIS,2021/10/18 13:08:47.429+00,faca63d3-f68f-4566-a577-e08627136e81,,,,462534.89453125,3940.65602379134
11,ANX-1969-002,0.78191594,0,0,0,0,0,0,0,0,0,0,0,0,34060.1219047,0,3723,Annexed,Fulton,1969/01/01 00:00:00+00,,COA_DCP_GIS,2021/10/18 13:08:47.429+00,COA_DCP_GIS,2021/10/18 13:08:47.429+00,69e9d026-481a-4831-a6aa-0953ab4d13bc,,,,4603.9453125,282.010658155727
12,ANX-1910-001,0.00350138,0,0,0,0,0,0,0,0,0,0,0,0,152.5193163,0,3738,Annexed,Fulton,1910/01/01 00:00:00+00,,COA_DCP_GIS,2021/10/18 13:08:47.429+00,COA_DCP_GIS,2021/10/18 13:08:47.429+00,58347d6f-7c7c-4bc6-bdfc-e2e12df44380,,,,20.54296875,37.6556187468427
13,ANX-1950-004,298.50032134,0,0,0,0,0,0,0,0,0,0,0,0,13002621.9870672,0,3686,Annexed,Fulton,1950/01/01 00:00:00+00,,COA_DCP_GIS,2021/10/18 13:08:47.429+00,COA_DCP_GIS,2021/10/18 13:08:47.429+00,033d7c15-68e4-45eb-9d79-f6f1fa077288,,,,1750448.03125,8028.42500208303
14,ANX-1952-010,23.88360447,0,0,0,0,0,0,0,0,0,0,0,0,1040365.64936648,0,3709,Deannexed,Fulton,1952/01/01 00:00:00+00,,COA_DCP_GIS,2021/10/18 13:08:47.429+00,COA_DCP_GIS,2021/10/18 13:08:47.429+00,d85b3bff-c95c-4fdb-9298-7104ee9ba0f2,,,,140006.3671875,2342.30539384181
15,ANX-2008-003,0.27582353,1,0,1,0,0,100,0,0,0,0,0,0,10455.28073525,75.16, ,Annexed,DeKalb,2008/12/01 00:00:00+00,,COA_DCP_GIS,2021/10/18 13:08:47.429+00,COA_DCP_GIS,2021/10/18 13:08:47.429+00,61c90cfd-1852-434f-bae9-466c6b335345,08-O-1683,https://aimewebapp.blob.core.windows.net/finalactions/08o1683.pdf,1842 Homestead Ave,1442.0703125,172.971555853923
16,ANX-2013-001,112.4979638,3,0,0,0,0,0,0,0,0,0,0,0,4900391.7014263,0, ,Annexed,Fulton,2013/08/28 00:00:00+00,2013/09/01 00:00:00+00,COA_DCP_GIS,2021/10/18 13:08:47.429+00,COA_DCP_GIS,2021/10/18 13:08:47.429+00,c6d703a8-f924-453e-baf2-2f0f96543a56,13-O-0441,https://aimewebapp.blob.core.windows.net/finalactions/13o0441.pdf,Cascade Landfill,660089.265625,4092.704912669
17,ANX-2009-003,0.40898653,1,0,1,0,0,100,0,0,0,0,0,0,17815.38214779,252.788914, ,Annexed,DeKalb,2009/08/25 00:00:00+00,,COA_DCP_GIS,2021/10/18 13:08:47.429+00,COA_DCP_GIS,2021/10/18 13:08:47.429+00,9f4516a1-6ad5-4adb-a753-d3097e5c3107,09-O-1072,https://aimewebapp.blob.core.windows.net/finalactions/09o1072.pdf,4118 East Brookhaven Dr,2407.33984375,233.117582439156
18,ANX-2009-002,21.88966003,5,0,2,172800,34560,40,0,0,0,0,0,0,953509.77677846,1414.706723,1,Annexed,Fulton,2009/12/07 00:00:00+00,2010/03/22 00:00:00+00,COA_DCP_GIS,2021/10/18 13:08:47.429+00,COA_DCP_GIS,2021/10/18 13:08:47.429+00,24869b1c-e911-4260-a997-8b4d41aa7e44,09-O-1997,https://aimewebapp.blob.core.windows.net/finalactions/09o1997.pdf,4776 Campbellton Rd,128325.67578125,1535.13034583555
19,ANX-2014-005,4.6257357,14,34,14,0,0,100,0,0,0,0,0,0,201496.24102741,0, ,Annexed,DeKalb,2014/11/25 00:00:00+00,2014/12/01 00:00:00+00,COA_DCP_GIS,2021/10/18 13:08:47.429+00,COA_DCP_GIS,2021/10/18 13:08:47.429+00,bad668aa-f858-4da9-85c3-970bf4be3a37,14-O-1448,https://aimewebapp.blob.core.windows.net/finalactions/14o1448.pdf,Spring Valley Ln,27178.62890625,1422.33745287555
20,ANX-2014-004,0.48790542,2,0,0,0,0,0,0,0,0,0,0,0,21253.07523013,9857.84777622, ,Annexed,DeKalb,2014/07/30 00:00:00+00,2014/08/01 00:00:00+00,COA_DCP_GIS,2021/10/18 13:08:47.429+00,COA_DCP_GIS,2021/10/18 13:08:47.429+00,4836b62c-c177-4d65-af0d-892372f65256,14-O-1183,https://aimewebapp.blob.core.windows.net/finalactions/14o1183.pdf,1206 & 1224 Spring Valley Ln,2866.72265625,347.012416824885
21,ANX-2014-003,0.49701253,3,0,0,0,0,0,0,0,0,0,0,0,21649.77925064,5897.74891305, ,Annexed,DeKalb,2014/07/30 00:00:00+00,2014/08/01 00:00:00+00,COA_DCP_GIS,2021/10/18 13:08:47.429+00,COA_DCP_GIS,2021/10/18 13:08:47.429+00,961c67c9-7405-4cce-a940-dd6c29ae7f89,14-O-1184,https://aimewebapp.blob.core.windows.net/finalactions/14o1184.pdf,1710 Briarcliff Rd,2921.0546875,256.682603205544
23,ANX-2009-001,0.43922099,1,10,1,671100,671100,100,0,0,2,100,0,0,19132.38991431,65, ,Annexed,DeKalb,2010/05/11 00:00:00+00,,COA_DCP_GIS,2021/10/18 13:08:47.429+00,COA_DCP_GIS,2021/10/18 13:08:47.429+00,d99169bc-fff7-41b6-b7c4-755d49555955,10-O-0393,https://aimewebapp.blob.core.windows.net/finalactions/10o0393.pdf,1199 Roxboro Rd,2583.51953125,232.260370569125
24,ANX-2006-007,0.21834869,0,0,0,0,0,0,0,0,0,0,0,0,9511.23069166,0, ,Annexed,DeKalb,2010/07/01 00:00:00+00,,COA_DCP_GIS,2021/10/18 13:08:47.429+00,COA_DCP_GIS,2021/10/18 13:08:47.429+00,391d282f-ceb4-4499-b8b6-d71bbe3e203e,,,,1282.92578125,168.922800619107
25,ANX-2015-002,18.51203527,108,260,105,0,0,100,0,0,0,0,0,0,806381.03077694,735, ,Annexed,DeKalb,2015/10/28 00:00:00+00,2015/11/01 00:00:00+00,COA_DCP_GIS,2021/10/18 13:08:47.429+00,COA_DCP_GIS,2021/10/18 13:08:47.429+00,bf0cc92d-c168-4469-b2ff-0c616adea6d7,15-O-1399,https://aimewebapp.blob.core.windows.net/finalactions/15o1399.pdf,Edmund Park,108775.984375,1763.55537396341
26,ANX-2015-001,0.20568673,1,0,0,0,0,100,0,0,0,0,0,0,8959.6781731,0, ,Annexed,DeKalb,2015/09/17 00:00:00+00,2015/10/01 00:00:00+00,COA_DCP_GIS,2021/10/18 13:08:47.429+00,COA_DCP_GIS,2021/10/18 13:08:47.429+00,133a64c8-26ce-45cf-868e-1a417a298dc1,15-O-1150,https://aimewebapp.blob.core.windows.net/finalactions/15o1150.pdf,1202 McLynne,1208.453125,162.116075951586
27,ANX-2015-003,2.32040849,6,18,6,0,0,100,0,0,0,0,0,0,101076.58946869,0, ,Annexed,DeKalb,2015/11/26 00:00:00+00,2015/12/01 00:00:00+00,COA_DCP_GIS,2021/10/18 13:08:47.429+00,COA_DCP_GIS,2021/10/18 13:08:47.429+00,e9d45b45-c9bd-48cd-b19f-0bca65fed81d,15-O-1470,https://aimewebapp.blob.core.windows.net/finalactions/15o1470.pdf,Quillian Phase 1,13508.9921875,572.768823410123
28,ANX-2015-004,243.57099492,9,0,0,0,0,0,0,0,0,0,0,0,10609910.0988857,0,15 181 01 002,Annexed,DeKalb,2015/11/26 00:00:00+00,2015/12/01 00:00:00+00,COA_DCP_GIS,2021/10/18 13:08:47.429+00,COA_DCP_GIS,2021/10/18 13:08:47.429+00,bdfaf849-3d1e-496f-98b4-49eaf6972025,15-O-1471,https://aimewebapp.blob.core.windows.net/finalactions/15o1471.pdf,East Lake Golf Course,1429481.94921875,8723.10173108676
29,ANX-2015-005,24.86102303,51,123,48,0,0,100,0,0,0,0,0,0,1082941.83150275,970, ,Annexed,Fulton,2015/11/26 00:00:00+00,2015/12/01 00:00:00+00,COA_DCP_GIS,2021/10/18 13:08:47.429+00,COA_DCP_GIS,2021/10/18 13:08:47.429+00,3c6d5c0f-7f3e-46c1-abcb-43bbc4d303f7,15-O-1472,https://aimewebapp.blob.core.windows.net/finalactions/15o1472.pdf,South Oaks,145822.92578125,2394.82395112084
30,ANX-1945-003,20.19675842,0,0,0,0,0,0,0,0,0,0,0,0,879767.27767417,0,3687,Annexed,Fulton,1945/01/01 00:00:00+00,,COA_DCP_GIS,2021/10/18 13:08:47.429+00,COA_DCP_GIS,2021/10/18 13:08:47.429+00,e6de057b-85b5-485a-bc79-8361a61c7542,,,,118423.375,1436.85517858251
31,ANX-1970-001,2.10626576,1,0,0,0,0,0,0,0,0,0,0,0,91748.56951153,0,2280,Annexed,Fulton,,,COA_DCP_GIS,2021/10/18 13:08:47.429+00,COA_DCP_GIS,2021/10/18 13:08:47.429+00,8196993c-0737-4b8e-b679-caea0b92e132,,,,12400.38671875,504.624462301736
32,ANX-1925-001,68.71256717,0,0,0,0,0,0,0,0,0,0,0,0,2993107.45334861,0,3692,Annexed,Fulton,1925/01/01 00:00:00+00,,COA_DCP_GIS,2021/10/18 13:08:47.429+00,COA_DCP_GIS,2021/10/18 13:08:47.429+00,f0cfe780-2b17-4b4c-8eef-2600035f4e94,,,,403063.0625,4698.82408970772
33,ANX-1930-001,31.06904844,0,0,0,0,0,0,0,0,0,0,0,0,1353362.33649558,0,3674,Annexed,Fulton,1930/01/01 00:00:00+00,,COA_DCP_GIS,2021/10/18 13:08:47.429+00,COA_DCP_GIS,2021/10/18 13:08:47.429+00,f034f6a0-c366-4eca-82cc-a658d19c6ce6,,,,182340.328125,1926.07710633434
34,ANX-1976-001,68.20348678,0,0,0,0,0,0,0,0,0,0,0,0,2970932.00037473,0,3694,Annexed,Fulton,1976/01/01 00:00:00+00,,COA_DCP_GIS,2021/10/18 13:08:47.429+00,COA_DCP_GIS,2021/10/18 13:08:47.429+00,4263a7f2-0037-4c0a-b14d-3a98b98b99b7,,,,400205.75390625,2778.1486274979
35,ANX-1978-003,0.75933823,0,0,0,0,0,0,0,0,0,0,0,0,33076.64088461,0,3697,Annexed,Fulton,1978/01/01 00:00:00+00,,COA_DCP_GIS,2021/10/18 13:08:47.429+00,COA_DCP_GIS,2021/10/18 13:08:47.429+00,36e8d30a-b34f-4d76-8a1b-8c598849516b,,,,4453.3828125,267.285451904658
36,ANX-1926-003,15.93635115,0,0,0,0,0,0,0,0,0,0,0,0,694184.67949515,0,3675,Annexed,Fulton,1926/01/01 00:00:00+00,,COA_DCP_GIS,2021/10/18 13:08:47.429+00,COA_DCP_GIS,2021/10/18 13:08:47.429+00,e404ea40-75be-4495-ab5f-c011cc941faf,,,,93523.453125,1669.29366350935
37,ANX-1922-004,17.1587102,0,0,0,0,0,0,0,0,0,0,0,0,747430.42669175,0,3676,Annexed,Fulton,1922/01/01 00:00:00+00,,COA_DCP_GIS,2021/10/18 13:08:47.429+00,COA_DCP_GIS,2021/10/18 13:08:47.429+00,c8ce236f-c415-4567-ab6c-3f985753afd1,,,,100694.55859375,1261.30345383482
38,ANX-1922-005,148.30755865,0,0,0,0,0,0,0,0,0,0,0,0,6460251.41356097,0,3677,Annexed,Fulton,1922/01/01 00:00:00+00,,COA_DCP_GIS,2021/10/18 13:08:47.429+00,COA_DCP_GIS,2021/10/18 13:08:47.429+00,4cc7a2ab-e2ba-4239-aa56-1cd817f31530,,,,869922.61328125,4529.45797267883
39,ANX-1926-009,11.99887326,0,0,0,0,0,0,0,0,0,0,0,0,522668.82873846,0,3679,Annexed,Fulton,1926/01/01 00:00:00+00,,COA_DCP_GIS,2021/10/18 13:08:47.429+00,COA_DCP_GIS,2021/10/18 13:08:47.429+00,d3d58225-5691-4a7f-9fbb-727f5ef293d3,,,,70373.234375,2405.77257552825
40,ANX-1949-001,29.95761431,0,0,0,0,0,0,0,0,0,0,0,0,1304948.45938083,0,3685,Annexed,Fulton,1949/01/01 00:00:00+00,,COA_DCP_GIS,2021/10/18 13:08:47.429+00,COA_DCP_GIS,2021/10/18 13:08:47.429+00,52090ffb-158d-4281-b769-0223864da6e9,,,,175692.3515625,1828.27730523086
41,ANX-1950-003,48.19162445,0,0,0,0,0,0,0,0,0,0,0,0,2099218.76428319,0,3648,Annexed,Fulton,1950/01/01 00:00:00+00,,COA_DCP_GIS,2021/10/18 13:08:47.429+00,COA_DCP_GIS,2021/10/18 13:08:47.429+00,3e30c74c-bd1a-4dbb-94cb-6e5a15e546b5,,,,283254.26171875,2463.13860303382
42,ANX-1922-003,128.23891379,0,0,0,0,0,0,0,0,0,0,0,0,5586064.74039037,0,3652,Annexed,Fulton,1922/01/01 00:00:00+00,,COA_DCP_GIS,2021/10/18 13:08:47.429+00,COA_DCP_GIS,2021/10/18 13:08:47.429+00,7b535584-9f7c-467a-bc10-25b0b2855460,,,,753675.15625,5630.59636070483
43,ANX-1915-001,74.63647534,0,0,0,0,0,0,0,0,0,0,0,0,3251151.86111554,0,3655,Annexed,Fulton,1915/01/01 00:00:00+00,,COA_DCP_GIS,2021/10/18 13:08:47.429+00,COA_DCP_GIS,2021/10/18 13:08:47.429+00,244edbdf-c7c1-4bd9-b2f7-07f9c680ea8a,,,,438462.2890625,2626.11969231789
44,ANX-1916-001,88.43142813,0,0,0,0,0,0,0,0,0,0,0,0,3852057.60092474,0,3657,Annexed,Fulton,1916/01/01 00:00:00+00,,COA_DCP_GIS,2021/10/18 13:08:47.429+00,COA_DCP_GIS,2021/10/18 13:08:47.429+00,353936e4-9d38-4f58-91d1-eac494bedc98,,,,519474.52734375,3071.84439328913
45,ANX-1926-005,138.81256939,0,0,0,0,0,0,0,0,0,0,0,0,6046651.33582924,0,3678,Annexed,Fulton,1926/01/01 00:00:00+00,,COA_DCP_GIS,2021/10/18 13:08:47.429+00,COA_DCP_GIS,2021/10/18 13:08:47.429+00,b79c7bff-39a8-445f-81f0-15f72cb57f2d,,,,814253.30859375,4357.13096566388
46,ANX-1950-002,188.82370772,0,0,0,0,0,0,0,0,0,0,0,0,8225127.80755936,0,3680,Annexed,Fulton,1950/01/01 00:00:00+00,,COA_DCP_GIS,2021/10/18 13:08:47.429+00,COA_DCP_GIS,2021/10/18 13:08:47.429+00,e248c004-039c-4f6b-aceb-2fe7595c2417,,,,1107431.05078125,5101.76091329139
47,ANX-1916-002,14.21007306,0,0,0,0,0,0,0,0,0,0,0,0,618988.30672014,0,3682,Annexed,Fulton,1916/01/01 00:00:00+00,,COA_DCP_GIS,2021/10/18 13:08:47.429+00,COA_DCP_GIS,2021/10/18 13:08:47.429+00,44319f75-da3d-4703-958f-4475d4a9eec7,,,,83347.1875,2088.16053925061
48,ANX-1925-006,63.79900789,0,0,0,0,0,0,0,0,0,0,0,0,2779073.66747866,0,3683,Annexed,Fulton,1925/01/01 00:00:00+00,,COA_DCP_GIS,2021/10/18 13:08:47.429+00,COA_DCP_GIS,2021/10/18 13:08:47.429+00,ebd7b473-7e5f-4f69-9da6-04eb451475fb,,,,374206.80078125,2608.08025480435
49,ANX-1866-001,2476.21558607,0,0,0,0,0,0,0,0,0,0,0,0,107863519.474012,0,3664,Annexed,Fulton,1866/01/01 00:00:00+00,,COA_DCP_GIS,2021/10/18 13:08:47.429+00,COA_DCP_GIS,2021/10/18 13:08:47.429+00,0562825f-ccaf-4ada-a5eb-8bb86515a1ad,,,,14536084.9882813,32171.797911337
50,ANX-1894-001,664.9068297,0,0,0,0,0,0,0,0,0,0,0,0,28963225.6483456,0,3666,Annexed,Fulton,1894/01/01 00:00:00+00,,COA_DCP_GIS,2021/10/18 13:08:47.429+00,COA_DCP_GIS,2021/10/18 13:08:47.429+00,8a32f97d-4a88-453e-a907-dbada6e4f430,,,,3901871.18359375,7979.83507141846
51,ANX-1952-002,0.00066738,0,0,0,0,0,0,0,0,0,0,0,0,29.07078128,0,3668,Annexed,Fulton,1952/01/01 00:00:00+00,,COA_DCP_GIS,2021/10/18 13:08:47.429+00,COA_DCP_GIS,2021/10/18 13:08:47.429+00,f3b5ad52-ff59-47a6-bb4b-529db561ae31,,,,3.91796875,9.74510487142955
52,ANX-1926-001,69.7536087,0,0,0,0,0,0,0,0,0,0,0,0,3038455.04103737,0,3669,Annexed,Fulton,1926/01/01 00:00:00+00,,COA_DCP_GIS,2021/10/18 13:08:47.429+00,COA_DCP_GIS,2021/10/18 13:08:47.429+00,71604c1b-3e69-4704-aba0-8d6a841d3d33,,,,409885.15234375,4953.81778990303
53,ANX-1925-007,402.43218257,0,0,0,0,0,0,0,0,0,0,0,0,17529875.7531781,0,3671,Annexed,Fulton,1925/01/01 00:00:00+00,,COA_DCP_GIS,2021/10/18 13:08:47.429+00,COA_DCP_GIS,2021/10/18 13:08:47.429+00,b2be35f8-fb4c-4eda-a2d1-087b39782d65,,,,2364181.484375,6760.00309805195
54,ANX-1926-004,7.97721095,0,0,0,0,0,0,0,0,0,0,0,0,347485.91918102,0,3673,Annexed,Fulton,1926/01/01 00:00:00+00,,COA_DCP_GIS,2021/10/18 13:08:47.429+00,COA_DCP_GIS,2021/10/18 13:08:47.429+00,ad9cf12b-912f-49b0-8b7e-43d402f027ca,,,,46827.93359375,1371.48692840366
55,ANX-1909-001,0.73022938,0,0,0,0,0,0,0,0,0,0,0,0,31808.66457708,0,3750,Annexed,DeKalb,1909/01/01 00:00:00+00,,COA_DCP_GIS,2021/10/18 13:08:47.429+00,COA_DCP_GIS,2021/10/18 13:08:47.429+00,4f7a7951-f6c8-48e5-80d3-02bf24bc8d5b,,,,4289.23828125,328.987266196844
56,ANX-1957-001,60.72394215,0,0,0,0,0,0,0,0,0,0,0,0,2645124.33963178,0,3753,Annexed,Fulton,1957/01/01 00:00:00+00,,COA_DCP_GIS,2021/10/18 13:08:47.429+00,COA_DCP_GIS,2021/10/18 13:08:47.429+00,82520f83-810f-4292-b9d0-3bb3ab8a42d4,,,,356265.30859375,2370.3181390506
57,ANX-2006-002,140.13697851,1,0,0,0,0,0,0,0,0,0,0,0,6104342.36664717,0,3819,Annexed,Fulton,2006/04/01 00:00:00+00,,COA_DCP_GIS,2021/10/18 13:08:47.429+00,COA_DCP_GIS,2021/10/18 13:08:47.429+00,8bb83e60-40fe-471e-a05b-f77280c1e1c7,,,,820769.015625,5101.75232089552
58,ANX-2006-004,33.06531502,0,100,39,6400100,164105,100,0,0,0,0,0,0,1440319.36081124,2498,3959,Annexed,Fulton,2006/10/01 00:00:00+00,,COA_DCP_GIS,2021/10/18 13:08:47.429+00,COA_DCP_GIS,2021/10/18 13:08:47.429+00,bcf326cb-566a-4187-b308-c35c04181f64,,,,193954.53515625,2000.09135030302
59,ANX-2006-003,594.87862992,0,1920,662,182632000,249498,0,0,0,0,0,0,0,25912809.4676221,4046,3958,Annexed,Fulton,2006/10/01 00:00:00+00,,COA_DCP_GIS,2021/10/18 13:08:47.429+00,COA_DCP_GIS,2021/10/18 13:08:47.429+00,19f27169-6314-412c-9211-0b2f88c54ad8,,,,3489918.9921875,11751.2422795055
60,ANX-1863-001,286.43634976,0,0,0,0,0,0,0,0,0,0,0,0,12477117.4870091,0,3659,Annexed,Fulton,1863/01/01 00:00:00+00,,COA_DCP_GIS,2021/10/18 13:08:47.429+00,COA_DCP_GIS,2021/10/18 13:08:47.429+00,3e729f5a-4f31-461c-ba6f-3718aff0b18d,,,,1681047.4453125,5169.89888888246
61,ANX-1925-008,204.42063575,0,0,0,0,0,0,0,0,0,0,0,0,8909578.29269826,0,3661,Annexed,DeKalb,1925/01/01 00:00:00+00,,COA_DCP_GIS,2021/10/18 13:08:47.429+00,COA_DCP_GIS,2021/10/18 13:08:47.429+00,76a1fb02-f3f0-497c-8650-b51fc0a15ecb,,,,1202013.6953125,4401.45443399961
62,ANX-2005-001,0.5610636,1,0,0,0,0,0,0,0,0,0,0,0,24439.83282595,0,4085,Annexed,Fulton,2005/06/01 00:00:00+00,,COA_DCP_GIS,2021/10/18 13:08:47.429+00,COA_DCP_GIS,2021/10/18 13:08:47.429+00,23041a65-636d-48ea-837d-6b8fc35fab2b,,,,3303.1796875,280.072135720704
63,ANX-1970-002,30.6796664,0,0,0,0,0,0,0,0,0,0,0,0,1336400.92293765,0,3699,Annexed,Fulton,,,COA_DCP_GIS,2021/10/18 13:08:47.429+00,COA_DCP_GIS,2021/10/18 13:08:47.429+00,1f032ae3-6995-4186-b29e-6679ce2df405,,,,179937.30859375,1720.10398075033
64,ANX-1969-001,74.05674535,0,0,0,0,0,0,0,0,0,0,0,0,3225898.92396337,0,3700,Annexed,Fulton,1969/01/01 00:00:00+00,,COA_DCP_GIS,2021/10/18 13:08:47.429+00,COA_DCP_GIS,2021/10/18 13:08:47.429+00,b747c52f-eb92-40b6-b174-09c5f98f3b23,,,,434389.41796875,2847.00005378881
65,ANX-1957-002,79.97208231,0,0,0,0,0,0,0,0,0,0,0,0,3483569.97126997,0,3701,Annexed,Fulton,1957/01/01 00:00:00+00,,COA_DCP_GIS,2021/10/18 13:08:47.429+00,COA_DCP_GIS,2021/10/18 13:08:47.429+00,09197145-14dc-484d-96e5-02ad52ae6575,,,,468961.48828125,2847.46296124093
66,ANX-1978-002,3.66817781,0,0,0,0,0,0,0,0,0,0,0,0,159785.18621235,0,3702,Annexed,Fulton,1978/01/01 00:00:00+00,,COA_DCP_GIS,2021/10/18 13:08:47.429+00,COA_DCP_GIS,2021/10/18 13:08:47.429+00,7452f320-2380-4046-b12e-e42509f1421c,,,,21513.71875,746.767794834668
67,ANX-1958-003,289.0471562,0,0,0,0,0,0,0,0,0,0,0,0,12590843.7606208,0,3703,Annexed,Fulton,1958/01/01 00:00:00+00,,COA_DCP_GIS,2021/10/18 13:08:47.429+00,COA_DCP_GIS,2021/10/18 13:08:47.429+00,9cb85905-c167-417d-93ee-fceb68564b62,,,,1695308.19921875,5523.96475510305
68,ANX-1958-001,0.72091418,0,0,0,0,0,0,0,0,0,0,0,0,31402.89623304,0,3704,Annexed,Fulton,1958/01/01 00:00:00+00,,COA_DCP_GIS,2021/10/18 13:08:47.429+00,COA_DCP_GIS,2021/10/18 13:08:47.429+00,dbccd6a7-2fb4-45a5-ac88-3dba0d58ccf7,,,,4228.41015625,339.586579173768
69,ANX-1953-002,385.51097296,0,0,0,0,0,0,0,0,0,0,0,0,16792790.8106622,0,3706,Annexed,Fulton,1953/01/01 00:00:00+00,,COA_DCP_GIS,2021/10/18 13:08:47.429+00,COA_DCP_GIS,2021/10/18 13:08:47.429+00,bb9686db-4afb-4dfb-80dc-d577097514e1,,,,2258205.25390625,6417.4594114528
70,ANX-1953-003,52.17702816,0,0,0,0,0,0,0,0,0,0,0,0,2272822.25531216,0,3707,Deannexed,Fulton,1953/01/01 00:00:00+00,,COA_DCP_GIS,2021/10/18 13:08:47.429+00,COA_DCP_GIS,2021/10/18 13:08:47.429+00,4a781ffb-b7fb-4c8a-b120-9affadb57f90,,,,305690.03515625,2217.27063055935
71,ANX-1952-004,25.16619739,0,0,0,0,0,0,0,0,0,0,0,0,1096235.17318691,0,3710,Deannexed,Fulton,,,COA_DCP_GIS,2021/10/18 13:08:47.429+00,COA_DCP_GIS,2021/10/18 13:08:47.429+00,c5e1a642-3a7b-4cb9-961f-cdc8406a83f5,,,,147525.2578125,1690.47395070074
72,ANX-1952-009,180.86190751,0,0,0,0,0,0,0,0,0,0,0,0,7878313.17772445,0,3713,Deannexed,Fulton,1952/01/01 00:00:00+00,,COA_DCP_GIS,2021/10/18 13:08:47.429+00,COA_DCP_GIS,2021/10/18 13:08:47.429+00,6bd3b099-8066-4240-a429-092e0c338243,,,,1060443.953125,4810.46701046548
73,ANX-1954-001,17.14428917,0,0,0,0,0,0,0,0,0,0,0,0,746802.24902406,0,3717,Annexed,Fulton,1954/01/01 00:00:00+00,,COA_DCP_GIS,2021/10/18 13:08:47.429+00,COA_DCP_GIS,2021/10/18 13:08:47.429+00,9030f38b-c6f3-4174-8c19-dff48fe04114,,,,100421.3125,1669.48924899476
74,ANX-1978-001,12.10324778,0,0,0,0,0,0,0,0,0,0,0,0,527215.36426537,0,3719,Annexed,Fulton,1978/01/01 00:00:00+00,,COA_DCP_GIS,2021/10/18 13:08:47.429+00,COA_DCP_GIS,2021/10/18 13:08:47.429+00,053e95fe-4b68-4c75-a103-3c325738a763,,,,71257.65234375,1517.30941644679
75,ANX-1967-001,28.31717181,0,0,0,0,0,0,0,0,0,0,0,0,1233491.0701604,0,3722,Annexed,Fulton,1967/01/01 00:00:00+00,,COA_DCP_GIS,2021/10/18 13:08:47.429+00,COA_DCP_GIS,2021/10/18 13:08:47.429+00,e74deb89-18c0-43cc-a9fa-def219a9590a,,,,166722.125,1932.48772919256
76,ANX-1979-001,21.06929898,0,0,0,0,0,0,0,0,0,0,0,0,917774.99264543,0,3726,Annexed,Fulton,1979/01/01 00:00:00+00,,COA_DCP_GIS,2021/10/18 13:08:47.429+00,COA_DCP_GIS,2021/10/18 13:08:47.429+00,56791a62-6b93-4203-a17b-6592fb194e63,,,,124045.28515625,1511.30489471661
77,ANX-1963-003,25.12194049,0,0,0,0,0,0,0,0,0,0,0,0,1094307.35034302,0,3728,Annexed,Fulton,1963/01/01 00:00:00+00,,COA_DCP_GIS,2021/10/18 13:08:47.429+00,COA_DCP_GIS,2021/10/18 13:08:47.429+00,0f4ec825-a695-4a51-ba2c-392e1261dd0f,,,,147914.22265625,1934.63867566977
78,ANX-1965-001,2.15969968,0,0,0,0,0,0,0,0,0,0,0,0,94076.14160526,0,3729,Annexed,Fulton,1965/01/01 00:00:00+00,,COA_DCP_GIS,2021/10/18 13:08:47.429+00,COA_DCP_GIS,2021/10/18 13:08:47.429+00,f44471a3-9a4c-4b2f-bae3-1eb8432b406b,,,,12715.40625,467.458223791619
79,ANX-1952-005,51470.08377831,0,0,0,0,0,0,0,0,0,0,0,0,2242726782.97498,0,3731,Annexed,Fulton ,1952/05/01 00:00:00+00,,COA_DCP_GIS,2021/10/18 13:08:47.429+00,COA_DCP_GIS,2021/10/18 13:08:47.429+00,ac0ff319-2d94-4969-ad4b-ac1d8f31e6ad,,,,302407139.417969,152532.349062237
80,ANX-1926-008,16.0805248,0,0,0,0,0,0,0,0,0,0,0,0,700464.85855325,0,3735,Annexed,DeKalb,1926/01/01 00:00:00+00,,COA_DCP_GIS,2021/10/18 13:08:47.429+00,COA_DCP_GIS,2021/10/18 13:08:47.429+00,c1ce29f9-5481-4db2-8e3f-a437b805b2b8,,,,94458.9296875,1729.15894151689
81,ANX-2010-001,0.14479709,1,0,0,0,0,0,0,0,0,0,0,0,6307.3359491,55, ,Annexed,DeKalb,2010/10/12 00:00:00+00,,COA_DCP_GIS,2021/10/18 13:08:47.429+00,COA_DCP_GIS,2021/10/18 13:08:47.429+00,c6fe434b-a841-48df-b4cf-9c0c443eed0a,10-O-1169,https://aimewebapp.blob.core.windows.net/finalactions/10o1169.pdf,418 Morgan Pl,849.76953125,130.813376619319
82,ANX-1925-002,92.57210021,0,0,0,0,0,0,0,0,0,0,0,0,4032424.55538147,0,3670,Annexed,Fulton,1925/01/01 00:00:00+00,,COA_DCP_GIS,2021/10/18 13:08:47.429+00,COA_DCP_GIS,2021/10/18 13:08:47.429+00,3914e13e-d019-4fa9-80a1-9eedf43a7f45,,,,543799.0546875,4476.70270979033
83,ANX-1940-002,135.14050313,0,0,0,0,0,0,0,0,0,0,0,0,5886696.76944442,0,3691,Annexed,Fulton,1940/01/01 00:00:00+00,,COA_DCP_GIS,2021/10/18 13:08:47.429+00,COA_DCP_GIS,2021/10/18 13:08:47.429+00,2262d8bf-6f38-47de-aa8a-d06e2f97b984,,,,792887.2421875,4867.37260685462
84,ANX-2016-009,107.72685579,36,114,32,,,,,,,,,,4692563.06773521,,,Deannexed,Fulton,,,COA_DCP_GIS,2021/10/18 13:08:47.429+00,COA_DCP_GIS,2021/10/18 13:08:47.429+00,718d269a-fa32-470b-be96-8d407abb47e2,,,Cascade Falls,632069.94921875,5382.99276956747
85,ANX-2009-004,0.3144274,1,10,1,315100,315100,100,0,0,0,0,0,0,13696.40261993,0, ,Annexed,DeKalb,2009/12/07 00:00:00+00,2009/03/22 00:00:00+00,COA_DCP_GIS,2021/10/18 13:08:47.429+00,COA_DCP_GIS,2021/10/18 13:08:47.429+00,a618c805-2259-40cc-88b7-3bb8fa185454,09-O-1864,https://aimewebapp.blob.core.windows.net/finalactions/09o1864.pdf,1500 Kay Ln,1847.8515625,193.088666393018
86,ANX-1913-001,197.16764778,0,0,0,0,0,0,0,0,0,0,0,0,8588588.38296432,0,3681,Annexed,Fulton,1913/01/01 00:00:00+00,,COA_DCP_GIS,2021/10/18 13:08:47.429+00,COA_DCP_GIS,2021/10/18 13:08:47.429+00,11b00bd2-388a-456b-b526-06b0f7da3fb2,,,,1156499.5078125,4511.23022015038
87,ANX-1925-003,43.08701284,0,0,0,0,0,0,0,0,0,0,0,0,1876862.77165364,0,3689,Annexed,Fulton,1925/01/01 00:00:00+00,,COA_DCP_GIS,2021/10/18 13:08:47.429+00,COA_DCP_GIS,2021/10/18 13:08:47.429+00,a5fab872-af70-4080-99c6-aabd0b970411,,,,252847.34375,2360.78490170318
88,ANX-2003-001,46.64052744,1,0,0,0,0,0,0,0,0,0,0,0,2031653.2487522,0,2620,Annexed,Fulton,2003/02/25 00:00:00+00,,COA_DCP_GIS,2021/10/18 13:08:47.429+00,COA_DCP_GIS,2021/10/18 13:08:47.429+00,55f1a9e5-eb14-4eb2-bfa4-28691bf70003,,,,273173.41015625,2701.99613258473
89,ANX-1926-007,11.02517165,0,0,0,0,0,0,0,0,0,0,0,0,480254.55586756,0,3651,Annexed,Fulton,1926/01/01 00:00:00+00,,COA_DCP_GIS,2021/10/18 13:08:47.429+00,COA_DCP_GIS,2021/10/18 13:08:47.429+00,c1e7b46c-0b3e-4293-80eb-37bedb04107c,,,,64789.13671875,2279.26678089004
90,ANX-1926-006,38.3948124,0,0,0,0,0,0,0,0,0,0,0,0,1672471.33839408,0,3653,Annexed,Fulton,1926/01/01 00:00:00+00,,COA_DCP_GIS,2021/10/18 13:08:47.429+00,COA_DCP_GIS,2021/10/18 13:08:47.429+00,02535c89-4b10-4a7e-b7a4-f5c8cbbcba31,,,,225626.45703125,4827.84271267986
91,ANX-1932-001,109.53097345,0,0,0,0,0,0,0,0,0,0,0,0,4771150.11872837,0,3654,Annexed,Fulton,1932/01/01 00:00:00+00,,COA_DCP_GIS,2021/10/18 13:08:47.429+00,COA_DCP_GIS,2021/10/18 13:08:47.429+00,4da4397c-3af3-4daa-be16-7a9b5f7e77cd,,,,643685.93359375,5275.36709301541
92,ANX-1922-002,730.34615105,0,0,0,0,0,0,0,0,0,0,0,0,31813751.0841583,0,3656,Annexed,Fulton,1922/01/01 00:00:00+00,,COA_DCP_GIS,2021/10/18 13:08:47.429+00,COA_DCP_GIS,2021/10/18 13:08:47.429+00,3317a181-d544-4b92-a749-cd58bd9dea66,,,,4290824.3046875,11864.8336961541
93,ANX-2016-001,23.12507874,94,222,89,0,0,0,0,0,0,80,0,0,1007324.40041692,0,,Annexed,DeKalb,2016/03/16 00:00:00+00,2016/04/01 00:00:00+00,COA_DCP_GIS,2021/10/18 13:08:47.429+00,COA_DCP_GIS,2021/10/18 13:08:47.429+00,bbdbefc3-5abd-4f49-93eb-79446d4a1689,16-O-1006,https://aimewebapp.blob.core.windows.net/finalactions/16o1006.pdf,Olmsted at East Lake,135705.44921875,1603.28387669548
94,ANX-2016-002,2.08175715,6,16,6,0,0,100,0,0,0,100,,100,90680.97881953,,,Annexed,DeKalb,2016/05/11 00:00:00+00,2016/06/01 00:00:00+00,COA_DCP_GIS,2021/10/18 13:08:47.429+00,COA_DCP_GIS,2021/10/18 13:08:47.429+00,007e675e-0d6f-42c1-ab36-7d8fa8fdeacf,16-O-1042,https://aimewebapp.blob.core.windows.net/finalactions/16o1042.pdf,Quillian Phase 2,12258.4296875,600.228927778165
95,ANX-2016-003,296.30537628,264,685,232,0,0,60,0,,,60,,,12907010.5624791,,,Annexed,Fulton,2016/06/21 00:00:00+00,2016/07/01 00:00:00+00,COA_DCP_GIS,2021/10/18 13:08:47.429+00,COA_DCP_GIS,2021/10/18 13:08:47.429+00,56fbb45c-7cf8-4782-9af8-fce932c2d044,16-O-1189,https://aimewebapp.blob.core.windows.net/finalactions/16o1189.pdf,Loch Lomond,1737788.6953125,6600.47693371799
96,ANX-2016-004,14.06190537,51,132,49,0,0,74,,,,74,,,612534.1478446,,,Annexed,Fulton,2016/06/21 00:00:00+00,2016/07/01 00:00:00+00,COA_DCP_GIS,2021/10/18 13:08:47.429+00,COA_DCP_GIS,2021/10/18 13:08:47.429+00,8301da22-4107-4c92-8d01-4771e6f898c6,16-O-1242,https://aimewebapp.blob.core.windows.net/finalactions/16o1242.pdf,Martin's Park,82480.39453125,1403.56831272163
97,ANX-1973-001,53.20253269,0,0,0,0,0,0,0,0,0,0,0,0,2317493.05412966,0,,Annexed,Fulton,1973/01/01 00:00:00+00,,COA_DCP_GIS,2021/10/18 13:08:47.429+00,COA_DCP_GIS,2021/10/18 13:08:47.429+00,7b3ffd5b-74b5-43e7-a780-983269e3405d,,,,312051.125,2245.53171606611
98,ANX-2016-010,14.82978896,71,162,68,,,100,,,,,,,645983.02314518,,,Deannexed,Fulton,,,COA_DCP_GIS,2021/10/18 13:08:47.429+00,COA_DCP_GIS,2021/10/18 13:08:47.429+00,90d1d3d4-6619-4a5e-a870-58349b574ca0,,,Cottages at Cascade,87009.64453125,1313.19820701936
99,ANX-2016-011,21.5102725,19,54,18,,,,,,,,,,936983.72220915,,,Deannexed,Fulton,,,COA_DCP_GIS,2021/10/18 13:08:47.429+00,COA_DCP_GIS,2021/10/18 13:08:47.429+00,2bdd34b4-6c12-44da-85c6-df22b76aef6e,,,Cascade Manor,126199.4140625,1578.53544976115
100,ANX-2016-005,13.73588171,83,179,79,,,100,,,,85,,,598332.61381162,,,Annexed,Fulton,2016/06/21 00:00:00+00,2016/07/01 00:00:00+00,COA_DCP_GIS,2021/10/18 13:08:47.429+00,COA_DCP_GIS,2021/10/18 13:08:47.429+00,6e44cc23-0cb9-41d2-ba77-099ae0ddab01,16-O-1238,https://aimewebapp.blob.core.windows.net/finalactions/16o1238.pdf,Regency Park,80581.83203125,1346.1114662358
101,ANX-2016-006,23.34080492,2,,,,,,100,,,,,,1016721.3954075,,,Annexed,Fulton,2016/06/21 00:00:00+00,2016/07/01 00:00:00+00,COA_DCP_GIS,2021/10/18 13:08:47.429+00,COA_DCP_GIS,2021/10/18 13:08:47.429+00,50d65676-5fd3-41c1-ada5-9ba9aee87892,16-O-1267,https://aimewebapp.blob.core.windows.net/finalactions/16o1267.pdf,Northeast Cascade Business Corridor,136930.1484375,2910.29420805494
102,ANX-2016-008,67.39210857,4,,,,,,,,,,,,2935588.50708694,,,Annexed,Fulton,2016/06/21 00:00:00+00,2016/07/01 00:00:00+00,COA_DCP_GIS,2021/10/18 13:08:47.429+00,COA_DCP_GIS,2021/10/18 13:08:47.429+00,3019eea5-6729-445d-aa82-5d5c379f45a9,16-O-1264,https://aimewebapp.blob.core.windows.net/finalactions/16o1264.pdf,Southwest Cascade Business Corridor,395293.359375,3572.129210474
103,ANX-2016-007,14.8787415,2,,,,,,100,,,,,,648115.38713316,,,Annexed,Fulton,2016/06/21 00:00:00+00,2016/07/01 00:00:00+00,COA_DCP_GIS,2021/10/18 13:08:47.429+00,COA_DCP_GIS,2021/10/18 13:08:47.429+00,53654f2a-6b37-4a3e-8060-1327b5cb862a,16-O-1261,https://aimewebapp.blob.core.windows.net/finalactions/16o1261.pdf,Southeast Cascade Business Corridor,87277.2734375,1404.13490337513
104,ANX-2016-014,4.13362425,33,77,29,,,,,,,70,,,180059.95222612,,,Annexed,DeKalb,2016/11/01 00:00:00+00,2016/11/01 00:00:00+00,COA_DCP_GIS,2021/10/18 13:08:47.429+00,COA_DCP_GIS,2021/10/18 13:08:47.429+00,da799ac3-c065-4b9a-99f3-06937682a40a,16-O-1480,https://aimewebapp.blob.core.windows.net/finalactions/16o1480.pdf,Woodbridge Crossing,24287.109375,841.057815881423
105,ANX-2016-012,63.11544389,11,,,,,,,,,,,,2749297.73876155,,,Deannexed,Fulton,,,COA_DCP_GIS,2021/10/18 13:08:47.429+00,COA_DCP_GIS,2021/10/18 13:08:47.429+00,40c4a327-3e17-4c3f-acfa-6a41ff838a93,,,Dansforth/QLS,370251.98828125,3321.87037547773
106,ANX-2016-013,136.65792674,23,,,,,,,,,,,,5952795.47775259,,,Deannexed,Fulton,,,COA_DCP_GIS,2021/10/18 13:08:47.429+00,COA_DCP_GIS,2021/10/18 13:08:47.429+00,6ce0d79c-dd77-44ff-81d0-0b215a7bf8d5,,,Cascade Business Corridor NW,801725.9375,3906.59024728415
107,ANX-2017-001,0.3014718,1,3,1,,,,,,,100,,100,13132.05892245,,,Annexed,DeKalb,2017/03/01 00:00:00+00,2017/03/01 00:00:00+00,COA_DCP_GIS,2021/10/18 13:08:47.429+00,COA_DCP_GIS,2021/10/18 13:08:47.429+00,0a783813-3437-4ee6-a1f2-a4ece39160af,16-O-1708,https://aimewebapp.blob.core.windows.net/finalactions/16o1708.pdf,607 Kimberly Dr,1771.41796875,184.292606859346
108,ANX-2016-016,1.31068461,1,2,1,,,,100,,1,100,2,100,62426.22061942,,,Annexed,Fulton,2016/08/01 00:00:00+00,2016/08/01 00:00:00+00,COA_DCP_GIS,2021/10/18 13:08:47.429+00,COA_DCP_GIS,2021/10/18 13:08:47.429+00,ae14c44e-82ba-446e-84c1-aa10973b47d7,16-O-1271,https://aimewebapp.blob.core.windows.net/finalactions/16o1271.pdf,4261 Cascade Rd NW,8408.8359375,567.507670168241
109,ANX-2016-015,18.88619528,60,135,55,,,,,,,,,,822679.37553883,,,Annexed,DeKalb,2016/12/01 00:00:00+00,2016/12/01 00:00:00+00,COA_DCP_GIS,2021/10/18 13:08:47.429+00,COA_DCP_GIS,2021/10/18 13:08:47.429+00,0399e957-4db2-4328-ae80-9613ab60020b,16-O-1596,https://aimewebapp.blob.core.windows.net/finalactions/16o1596.pdf,University Drive,110964.4296875,2957.0120105376
110,ANX-2016-017,0.50091304,2,5,2,,,,,,,,,,21819.68479062,,,Annexed,DeKalb,2016/08/01 00:00:00+00,2016/08/01 00:00:00+00,COA_DCP_GIS,2021/10/18 13:08:47.429+00,COA_DCP_GIS,2021/10/18 13:08:47.429+00,d71a916c-2d64-4a1a-a464-ec50bae30cbf,16-O-1343,https://aimewebapp.blob.core.windows.net/finalactions/16o1343.pdf,1831 & 1837 Homestead Ave,2944.0390625,214.466958922038
111,ANX-2018-001,776.24868287,105,4785,,,,,,,,,,,33813257.3724114,,,Annexed,DeKalb,2018/01/01 00:00:00+00,2018/01/01 00:00:00+00,COA_DCP_GIS,2021/10/18 13:08:47.429+00,COA_DCP_GIS,2021/10/18 13:08:47.429+00,bceb68b8-0ec1-47fd-825b-e72b9702fab2,17-O-1420,https://aimewebapp.blob.core.windows.net/finalactions/17o1420.pdf,Emory,4561600.59765625,19015.565682908
112,ANX-2017-002,0.14232244,1,3,1,,,,,,,,,,6199.54072921,,,Annexed,DeKalb,2017/08/01 00:00:00+00,2017/08/01 00:00:00+00,COA_DCP_GIS,2021/10/18 13:08:47.429+00,COA_DCP_GIS,2021/10/18 13:08:47.429+00,ae485f68-1b1e-40e2-bf56-cb030b8dc71c,17-O-1188,https://aimewebapp.blob.core.windows.net/finalactions/17o1188.pdf,1198 McLynn,836.17578125,128.726969500521
114,ANX-2017-003,0.08773898,1,2,1,,,,,,,,,,3821.89473316,,,Annexed,DeKalb,2017/11/01 00:00:00+00,2017/11/01 00:00:00+00,COA_DCP_GIS,2021/10/18 13:08:47.429+00,COA_DCP_GIS,2021/10/18 13:08:47.429+00,d00da43f-2399-4f83-a50a-50f3c5813a92,17-O-1336,https://aimewebapp.blob.core.windows.net/finalactions/17o1336.pdf,615 Kimberly Dr,515.546875,140.137706108056
115,ANX-2017-004,1.18636577,5,13,3,,,,,,,,,,51677.88605283,,,Annexed,DeKalb,2017/11/01 00:00:00+00,2017/11/01 00:00:00+00,COA_DCP_GIS,2021/10/18 13:08:47.429+00,COA_DCP_GIS,2021/10/18 13:08:47.429+00,670d001a-da2f-425e-84da-f6feeb505616,17-O-1333,https://aimewebapp.blob.core.windows.net/finalactions/17o1333.pdf,Swazey Drive,6962.08984375,699.394350541304
116,ANX-2017-005,0.8546862,4,15,,,,,,,,,,,37229.98186948,,,Annexed,DeKalb,2017/11/01 00:00:00+00,2017/11/01 00:00:00+00,COA_DCP_GIS,2021/10/18 13:08:47.429+00,COA_DCP_GIS,2021/10/18 13:08:47.429+00,69e111f3-5a7c-45b2-8b6d-fd7980ccabc9,17-O-1329,https://aimewebapp.blob.core.windows.net/finalactions/17o1329.pdf,Quillian & Winfield Ave,5015.46484375,348.121983777673
117,ANX-2018-002,0.36317859,1,0,0,,,,,,,,,,15819.9959181,, ,Annexed,Fulton,2018/01/01 00:00:00+00,2018/01/01 00:00:00+00,COA_DCP_GIS,2021/10/18 13:08:47.429+00,COA_DCP_GIS,2021/10/18 13:08:47.429+00,65b8a74c-8123-4916-8d68-dfb5fb22c75b,17-O-1549,https://aimewebapp.blob.core.windows.net/finalactions/17o1549.pdf,Fulton Industrial Atlanta Property,2132.875,206.678290502795
118,ANX-1967-002,1762.62326887,0,0,0,0,0,0,0,0,0,0,0,0,76779562.4728835,0,3695,Annexed,Fulton,1967/01/01 00:00:00+00,,COA_DCP_GIS,2021/10/18 13:08:47.429+00,COA_DCP_GIS,2021/10/18 13:08:47.429+00,daf6f84d-3eb8-4be4-8fbe-1dcd253146f1,,,,10345193.7851563,18983.7027898165
119,ANX-1968-002,251.80663967,0,0,0,0,0,0,0,0,0,0,0,0,10968653.3490885,0,3698,Annexed,Fulton,1968/01/01 00:00:00+00,,COA_DCP_GIS,2021/10/18 13:08:47.429+00,COA_DCP_GIS,2021/10/18 13:08:47.429+00,60207ad6-9a83-416c-bbb4-2a64888b86e0,,,,1476768.09375,8690.47839157469
120,ANX-1934-001,23.94746198,0,0,0,0,0,0,0,0,0,0,0,0,1043147.2712531,0,3662,Annexed,DeKalb,1934/01/01 00:00:00+00,,COA_DCP_GIS,2021/10/18 13:08:47.429+00,COA_DCP_GIS,2021/10/18 13:08:47.429+00,13519edc-f36d-446f-b4b6-d10cef69f0fa,,,,140714.56640625,1990.96266832577
121,ANX-1854-001,69.13442468,0,0,0,0,0,0,0,0,0,0,0,0,3011483.49320822,0,3663,Annexed,Fulton,1854/01/01 00:00:00+00,,COA_DCP_GIS,2021/10/18 13:08:47.429+00,COA_DCP_GIS,2021/10/18 13:08:47.429+00,b90f694b-06c4-450b-86d3-5e9d6cb7630e,,,,405751.16796875,2768.70249965155
122,ANX-1889-001,1546.6160484,0,0,0,0,0,0,0,0,0,0,0,0,67370325.5860648,0,3665,Annexed,Fulton,1889/01/01 00:00:00+00,,COA_DCP_GIS,2021/10/18 13:08:47.429+00,COA_DCP_GIS,2021/10/18 13:08:47.429+00,d8b686b2-8a11-49af-843b-c1bdda4f1d33,,,,9079241.9453125,38093.8644218469
123,ANX-1950-001,369.11733625,0,0,0,0,0,0,0,0,0,0,0,0,16078686.8521506,0,3667,Annexed,Fulton,1950/01/01 00:00:00+00,,COA_DCP_GIS,2021/10/18 13:08:47.429+00,COA_DCP_GIS,2021/10/18 13:08:47.429+00,dc8043d1-3985-4c3b-ac0e-f23646f3afa6,,,,2169656.0546875,7918.77871599539
124,ANX-1952-001,11.35198221,0,0,0,0,0,0,0,0,0,0,0,0,494490.36715077,0,3672,Annexed,Fulton,1952/01/01 00:00:00+00,,COA_DCP_GIS,2021/10/18 13:08:47.429+00,COA_DCP_GIS,2021/10/18 13:08:47.429+00,93d8782b-03ff-4401-a188-f5528c579b98,,,,66645.63671875,1534.97671912178
125,ANX-1926-002,22.39318931,0,0,0,0,0,0,0,0,0,0,0,0,975443.42456102,0,3690,Annexed,Fulton,1926/01/01 00:00:00+00,,COA_DCP_GIS,2021/10/18 13:08:47.429+00,COA_DCP_GIS,2021/10/18 13:08:47.429+00,84bc9594-0bc8-4a53-94f5-cab8a2615282,,,,131370.10546875,2420.09871712284
126,ANX-1909-002,2623.51580032,0,0,0,0,0,0,0,0,0,0,0,0,114279891.141214,0,3751,Annexed,Fulton/DeKalb,1909/02/01 00:00:00+00,,COA_DCP_GIS,2021/10/18 13:08:47.429+00,COA_DCP_GIS,2021/10/18 13:08:47.429+00,51da6e39-f090-4c19-9e52-6869ccb99c0c,,,Morningside,15403786.6992188,24333.8335491857
127,ANX-1928-002,7.08864858,0,0,0,0,0,0,0,0,0,0,0,0,308780.2969833,0,3746,Annexed,DeKalb,1928/01/01 00:00:00+00,,COA_DCP_GIS,2021/10/18 13:08:47.429+00,COA_DCP_GIS,2021/10/18 13:08:47.429+00,f934f508-b708-4bd3-9f2a-f8302679d8e8,,,,41600.0234375,1159.9644318392
128,ANX-1928-004,724.9995183,0,0,0,0,0,0,0,0,0,0,0,0,31580852.6932337,0,3747,Annexed,DeKalb,1928/01/01 00:00:00+00,,COA_DCP_GIS,2021/10/18 13:08:47.429+00,COA_DCP_GIS,2021/10/18 13:08:47.429+00,6486e724-2342-455b-9cef-05190bbda97c,,,,4255380.79296875,15965.1360264555
129,ANX-2013-002,2.00357702,1,0,0,0,0,0,0,0,0,0,0,0,87275.46574087,0, ,Annexed,DeKalb,2013/07/24 00:00:00+00,2013/08/01 00:00:00+00,COA_DCP_GIS,2021/10/18 13:08:47.429+00,COA_DCP_GIS,2021/10/18 13:08:47.429+00,29635eb2-9af9-4c70-86c9-8654c12ecc32,13-O-0311,https://aimewebapp.blob.core.windows.net/finalactions/13o0311.pdf,Glenaire Ct,11757.65234375,640.478675726197
130,ANX-2011-001,0.29076692,1,0,0,0,0,0,0,0,0,0,0,0,12665.75651087,0, ,Annexed,DeKalb,2012/07/11 00:00:00+00,2012/08/01 00:00:00+00,COA_DCP_GIS,2021/10/18 13:08:47.429+00,COA_DCP_GIS,2021/10/18 13:08:47.429+00,f3a82b7f-025a-4f2b-b459-3175a64c692a,12-O-0454,https://aimewebapp.blob.core.windows.net/finalactions/12o0454.pdf,1206 McLynne,1708.3203125,197.194561185119
131,ANX-1922-006,992.41343346,0,0,0,0,0,0,0,0,0,0,0,0,43229356.2435993,0,3748,Annexed,DeKalb,1922/01/01 00:00:00+00,,COA_DCP_GIS,2021/10/18 13:08:47.429+00,COA_DCP_GIS,2021/10/18 13:08:47.429+00,4c9f1dde-7c8c-4ac9-bde0-49584bb75df7,,,,5826197.8125,12211.8813475296
132,ANX-1910-003,2010.51716513,0,0,0,0,0,0,0,0,0,0,0,0,87577777.4006921,0,3752,Annexed,Fulton,1910/01/01 00:00:00+00,,COA_DCP_GIS,2021/10/18 13:08:47.429+00,COA_DCP_GIS,2021/10/18 13:08:47.429+00,08cd3c71-ee71-49d3-9cf8-abdab54186e0,,,,11793887.9140625,28009.2173558244
133,ANX-2007-001,68.79151659,0,264,91,43701700,475018,100,0,0,0,0,0,0,2996546.47644922,2396,4073,Annexed,Fulton,2007/04/01 00:00:00+00,,COA_DCP_GIS,2021/10/18 13:08:47.429+00,COA_DCP_GIS,2021/10/18 13:08:47.429+00,7b7b63f8-e539-452e-995e-002ed9486cdc,,,,403396.30859375,2858.59558950799
134,ANX-1847-001,2010.19887785,0,0,0,0,0,0,0,0,0,0,0,0,87563912.8623206,0,3658,Annexed,Fulton,1847/01/01 00:00:00+00,,COA_DCP_GIS,2021/10/18 13:08:47.429+00,COA_DCP_GIS,2021/10/18 13:08:47.429+00,6234c3b4-41d4-40ab-9b2d-0eebf368273e,,,,11800118.7851563,12177.4230561868
135,ANX-2007-004,6.34662477,0,0,0,0,0,0,0,0,0,0,0,0,276457.86895365,0,4102,Annexed,Fulton,2007/07/01 00:00:00+00,,COA_DCP_GIS,2021/10/18 13:08:47.429+00,COA_DCP_GIS,2021/10/18 13:08:47.429+00,871d0428-8ac6-4d95-848b-a0bc6134fcc3,,,,37364.94921875,1145.71038497719
136,ANX-2006-005,15.65082127,0,106,44,7877500,179034,100,0,0,0,0,0,0,681747.0473165,1228,4097,Deannexed,Fulton,,,COA_DCP_GIS,2021/10/18 13:08:47.429+00,COA_DCP_GIS,2021/10/18 13:08:47.429+00,58910b38-076c-44a4-a399-8b07da5ef74b,,,,91810.7109375,1336.40460900665
137,ANX-2007-002,34.63577264,42,113,44,8134960,184885,100,0,0,0,0,0,0,1508728.22116393,1601,4074,Annexed,Fulton,2007/04/01 00:00:00+00,,COA_DCP_GIS,2021/10/18 13:08:47.429+00,COA_DCP_GIS,2021/10/18 13:08:47.429+00,d5f7c2e9-816a-47a3-8192-316f8c8621c6,08-O-0550,https://aimewebapp.blob.core.windows.net/finalactions/08o0550.pdf,Huntington Community,202888.3046875,1942.04623814664
138,ANX-1953-004,54.54702095,0,0,0,0,0,0,0,0,0,0,0,0,2376058.72830897,0,3708,Deannexed,Fulton,1953/01/01 00:00:00+00,,COA_DCP_GIS,2021/10/18 13:08:47.429+00,COA_DCP_GIS,2021/10/18 13:08:47.429+00,9821956b-8efd-4868-b0d5-abee7cd29c2b,,,,319604.8671875,2381.79923364243
139,ANX-1952-003,35.62981191,0,0,0,0,0,0,0,0,0,0,0,0,1552028.39863255,0,3712,Annexed,Fulton,1952/01/01 00:00:00+00,,COA_DCP_GIS,2021/10/18 13:08:47.429+00,COA_DCP_GIS,2021/10/18 13:08:47.429+00,823292bf-178a-4780-9825-f82647ac5d25,,,,208899.43359375,1904.50642497272
140,ANX-2006-006,1403.71580398,0,1806,669,0,0,0,0,0,0,0,0,0,61145615.8380526,0,4096,Deannexed,Fulton,,,COA_DCP_GIS,2021/10/18 13:08:47.429+00,COA_DCP_GIS,2021/10/18 13:08:47.429+00,b8f06c3b-f5e0-4820-a21b-086c8c937a4b,,,,8229165.69140625,15125.1394861565
141,ANX-1958-004,1432.04585357,0,0,0,0,0,0,0,0,0,0,0,0,62379667.8619635,0,3705,Annexed,Fulton,1958/01/01 00:00:00+00,,COA_DCP_GIS,2021/10/18 13:08:47.429+00,COA_DCP_GIS,2021/10/18 13:08:47.429+00,95320a63-eb68-407d-a548-97d2fa7633a8,,,,8394364.75,13414.0416134451
142,ANX-1953-001,4276.63807178,0,0,0,0,0,0,0,0,0,0,0,0,186289609.245881,0,3711,Annexed,Fulton,1953/01/01 00:00:00+00,,COA_DCP_GIS,2021/10/18 13:08:47.429+00,COA_DCP_GIS,2021/10/18 13:08:47.429+00,246bdb03-7207-40ca-8169-b802a2995e9e,,,,25066908.9140625,24385.9836723812
143,ANX-1957-003,20.53180154,0,0,0,0,0,0,0,0,0,0,0,0,894361.69765181,0,3715,Deannexed,Fulton,1957/01/01 00:00:00+00,,COA_DCP_GIS,2021/10/18 13:08:47.429+00,COA_DCP_GIS,2021/10/18 13:08:47.429+00,679d14b7-90ff-479a-ace1-81d4234dcd7e,,,,120389.421875,2959.50153361149
144,ANX-1952-007,65.29319021,0,0,0,0,0,0,0,0,0,0,0,0,2844159.98882669,0,3716,Deannexed,Fulton,1952/01/01 00:00:00+00,,COA_DCP_GIS,2021/10/18 13:08:47.429+00,COA_DCP_GIS,2021/10/18 13:08:47.429+00,7bbe1ec9-47e2-4f67-b277-56771428f114,,,,382516.82421875,3941.78034488063
145,ANX-1963-001,11.07915929,0,0,0,0,0,0,0,0,0,0,0,0,482606.24833232,0,3720,Annexed,Fulton,1963/01/01 00:00:00+00,,COA_DCP_GIS,2021/10/18 13:08:47.429+00,COA_DCP_GIS,2021/10/18 13:08:47.429+00,89891a4a-e99b-406a-8209-f8ec93fbc112,,,,65228.65625,1074.15365933
146,ANX-1960-001,110.15344427,0,0,0,0,0,0,0,0,0,0,0,0,4798264.83917545,0,3718,Annexed,Fulton,1960/01/01 00:00:00+00,,COA_DCP_GIS,2021/10/18 13:08:47.429+00,COA_DCP_GIS,2021/10/18 13:08:47.429+00,e32335c9-152a-404b-8bd9-1cde785a9fba,,,,645122.04296875,3655.78506867697
147,ANX-1968-001,18.29828781,0,0,0,0,0,0,0,0,0,0,0,0,797070.22882237,0,3724,Annexed,Fulton,1968/01/01 00:00:00+00,,COA_DCP_GIS,2021/10/18 13:08:47.429+00,COA_DCP_GIS,2021/10/18 13:08:47.429+00,17511e66-b17d-4086-9353-22a020a79d24,,,,107744.7578125,1498.37484720712
148,ANX-1963-004,71.29865734,0,0,0,0,0,0,0,0,0,0,0,0,3105757.09061603,0,3725,Annexed,Fulton,1963/01/01 00:00:00+00,,COA_DCP_GIS,2021/10/18 13:08:47.429+00,COA_DCP_GIS,2021/10/18 13:08:47.429+00,9bfa6d8e-8c15-4c2c-8909-bc4208575323,,,,419787.390625,3749.9974591864
149,ANX-1952-006,7.11390156,0,0,0,0,0,0,0,0,0,0,0,0,309880.31261947,0,3727,Deannexed,Fulton,1952/01/01 00:00:00+00,,COA_DCP_GIS,2021/10/18 13:08:47.429+00,COA_DCP_GIS,2021/10/18 13:08:47.429+00,f624f928-c096-49f8-9e41-d519ce857efb,,,,41881.09375,935.310313920283
150,ANX-1962-001,40.09369206,0,0,0,0,0,0,0,0,0,0,0,0,1746474.24042197,0,3732,Annexed,Fulton,1962/01/01 00:00:00+00,,COA_DCP_GIS,2021/10/18 13:08:47.429+00,COA_DCP_GIS,2021/10/18 13:08:47.429+00,c22f942f-8a0e-4bb7-ba04-6d2df1bdf154,,,,236048.21484375,2113.63958083181
151,ANX-1910-004,3510.19493478,0,0,0,0,0,0,0,0,0,0,0,0,152903479.743187,0,3734,Annexed,Fulton,1910/01/01 00:00:00+00,,COA_DCP_GIS,2021/10/18 13:08:47.429+00,COA_DCP_GIS,2021/10/18 13:08:47.429+00,0fce1b37-e38a-49dd-8f3b-b5509565e26f,,,,20614358.3710938,36113.4179016155
152,ANX-1909-003,2.02986384,0,0,0,0,0,0,0,0,0,0,0,0,88420.51499297,0,3737,Annexed,DeKalb,1909/01/01 00:00:00+00,,COA_DCP_GIS,2021/10/18 13:08:47.429+00,COA_DCP_GIS,2021/10/18 13:08:47.429+00,7002d5d4-a101-45d4-816f-7d67c7355681,,,,11923.02734375,454.388102299025
153,ANX-1963-002,50.59616207,0,0,0,0,0,0,0,0,0,0,0,0,2203960.00404913,0,3730,Annexed,Fulton,1963/01/01 00:00:00+00,,COA_DCP_GIS,2021/10/18 13:08:47.429+00,COA_DCP_GIS,2021/10/18 13:08:47.429+00,928a4129-22e1-4d88-a5c3-8d6f1e7b6cf8,,,,297903.50390625,3426.88789345982
154,ANX-1904-001,822.25179761,0,0,0,0,0,0,0,0,0,0,0,0,35817145.034986,0,3733,Annexed,Fulton,1904/01/01 00:00:00+00,,COA_DCP_GIS,2021/10/18 13:08:47.429+00,COA_DCP_GIS,2021/10/18 13:08:47.429+00,6924d5f4-bcba-40a2-9b2d-6b04437869b1,,,,4830016.625,12405.2138160725
155,ANX-1922-001,482.08020954,0,0,0,0,0,0,0,0,0,0,0,0,20999329.929892,0,3739,Annexed,Fulton,1922/01/01 00:00:00+00,,COA_DCP_GIS,2021/10/18 13:08:47.429+00,COA_DCP_GIS,2021/10/18 13:08:47.429+00,da9e03bc-0182-46dc-8901-33d541201397,,,,2828516.6953125,7471.00830802849
156,ANX-1909-004,8.25e-06,0,0,0,0,0,0,0,0,0,0,0,0,0.35925984,0,3740,Annexed,Fulton,1909/01/01 00:00:00+00,,COA_DCP_GIS,2021/10/18 13:08:47.429+00,COA_DCP_GIS,2021/10/18 13:08:47.429+00,ca4bf719-4ad9-4a55-97d7-9c298a1f429d,,,,0.05078125,1.07063146333295
157,ANX-1910-002,85.0755658,0,0,0,0,0,0,0,0,0,0,0,0,3705876.82284327,0,3741,Annexed,DeKalb,1910/01/01 00:00:00+00,,COA_DCP_GIS,2021/10/18 13:08:47.429+00,COA_DCP_GIS,2021/10/18 13:08:47.429+00,b803104e-9a77-4087-9157-1c269d8e8071,,,,499223.75390625,2944.60103457914
158,ANX-1914-001,9.01456046,0,0,0,0,0,0,0,0,0,0,0,0,392672.68304788,0,3742,Annexed,DeKalb,1914/01/01 00:00:00+00,,COA_DCP_GIS,2021/10/18 13:08:47.429+00,COA_DCP_GIS,2021/10/18 13:08:47.429+00,b94662b9-f762-4a27-87c4-67a711676bd4,,,,52930.703125,1428.90510723945
159,ANX-1943-001,12.04762985,0,0,0,0,0,0,0,0,0,0,0,0,524792.65706259,0,3743,Annexed,DeKalb,1943/01/01 00:00:00+00,,COA_DCP_GIS,2021/10/18 13:08:47.429+00,COA_DCP_GIS,2021/10/18 13:08:47.429+00,b65cdc93-576e-4c92-93e7-7a57cd43cbd1,,,,70744.859375,1186.03039951379
160,ANX-1928-001,626.09581667,0,0,0,0,0,0,0,0,0,0,0,0,27416084.8078998,0,3744,Annexed,DeKalb,1928/01/01 00:00:00+00,,COA_DCP_GIS,2021/10/18 13:08:47.429+00,COA_DCP_GIS,2021/10/18 13:08:47.429+00,bc97469b-225d-4481-8175-bf12aace59b1,,,East Atlanta,3693072.01171875,10503.5714233664
161,ANX-1945-001,74.05355499,0,0,0,0,0,0,0,0,0,0,0,0,3225759.9523159,0,3745,Annexed,DeKalb,1945/01/01 00:00:00+00,,COA_DCP_GIS,2021/10/18 13:08:47.429+00,COA_DCP_GIS,2021/10/18 13:08:47.429+00,0dc228c1-89b9-446b-b7d2-9e9a56b16596,,,,434619.58984375,2996.90354638685
162,ANX-1940-001,15.32496268,0,0,0,0,0,0,0,0,0,0,0,0,667552.70396398,0,3749,Annexed,DeKalb,1940/01/01 00:00:00+00,,COA_DCP_GIS,2021/10/18 13:08:47.429+00,COA_DCP_GIS,2021/10/18 13:08:47.429+00,bc956ba1-6597-4fd3-8f6d-8c418ed71249,,,,90045.62109375,1321.00499256341
163,ANX-2007-010,19.2477667,0,0,0,0,0,0,0,0,0,0,0,0,838429.36364605,0,4,Held,Fulton,,,COA_DCP_GIS,2021/10/18 13:08:47.429+00,COA_DCP_GIS,2021/10/18 13:08:47.429+00,3e6965a5-f918-46d0-b009-1badd2dbedf2,,,,112740.11328125,1440.43314656357
164,ANX-1958-002,109.73543902,0,0,0,0,0,0,0,0,0,0,0,0,4780056.60348351,0,3754,Annexed,Fulton,1958/01/01 00:00:00+00,,COA_DCP_GIS,2021/10/18 13:08:47.429+00,COA_DCP_GIS,2021/10/18 13:08:47.429+00,016991a2-bb35-441b-859f-015ba43f9915,,,,643903.28125,3407.57250634784
165,ANX-2006-001,140.13697851,1,0,0,0,0,0,0,0,0,0,0,0,6104342.36664717,0,3830,Annexed,Fulton,2006/04/01 00:00:00+00,,COA_DCP_GIS,2021/10/18 13:08:47.429+00,COA_DCP_GIS,2021/10/18 13:08:47.429+00,2be9ab43-cb0e-4b36-8164-2513101258aa,,,,820769.015625,5101.75232089552
166,ANX-1925-004,13.10360412,0,0,0,0,0,0,0,0,0,0,0,0,570790.71218045,0,3736,Deannexed,DeKalb,2025/01/01 00:00:00+00,,COA_DCP_GIS,2021/10/18 13:08:47.429+00,COA_DCP_GIS,2021/10/18 13:08:47.429+00,f48a9f15-cf09-4865-aec0-d91b087d4fe5,,,,77000.625,1553.10185458825
167,ANX-1952-008,33.74955193,0,0,0,0,0,0,0,0,0,0,0,0,1470124.60176183,0,3714,Deannexed,Fulton,1952/01/01 00:00:00+00,,COA_DCP_GIS,2021/10/18 13:08:47.429+00,COA_DCP_GIS,2021/10/18 13:08:47.429+00,9db49e1a-c1b9-4ea4-a16a-f1d824d10a81,,,,197882.95703125,2701.41410849013
168,ANX-2008-002,23.43113194,0,0,0,0,0,0,0,0,0,0,0,0,1020656.02477572,0,1,Abandoned,Fulton,,,COA_DCP_GIS,2021/10/18 13:08:47.429+00,COA_DCP_GIS,2021/10/18 13:08:47.429+00,35645b90-f800-4aa1-9ea7-86216b893e01,,,,137362.9375,2001.14553998283
169,ANX-2007-005,78.22121464,0,0,0,0,0,0,0,0,0,0,0,0,3407302.48034188,0,2,Annexed,Fulton,2007/06/26 00:00:00+00,,COA_DCP_GIS,2021/10/18 13:08:47.429+00,COA_DCP_GIS,2021/10/18 13:08:47.429+00,1c293019-ab18-4cee-a2e7-547a5f735195,,,,458729.93359375,3323.8647573613
170,ANX-2007-009,19.79087387,0,0,0,0,0,0,0,0,0,0,0,0,862087.01720455,0,3,Annexed,Fulton,2007/06/26 00:00:00+00,,COA_DCP_GIS,2021/10/18 13:08:47.429+00,COA_DCP_GIS,2021/10/18 13:08:47.429+00,830b37de-813a-4eb7-8456-e3b443966739,,,,116075.234375,1482.3671069906
171,ANX-2007-008,0.42981118,0,0,0,0,0,0,0,0,0,0,0,0,18722.5001311,0,6,Filed,Fulton,,,COA_DCP_GIS,2021/10/18 13:08:47.429+00,COA_DCP_GIS,2021/10/18 13:08:47.429+00,0d51ea90-b571-42e8-b709-531ce7872628,,,,2521.44921875,208.702070866649
172,ANX-2018-003,30.89,121,308,,,,,,,,,,,1632619.66967165,,,Annexed,DeKalb,2018/04/01 00:00:00+00,2018/04/01 00:00:00+00,COA_DCP_GIS,2021/10/18 13:08:47.429+00,COA_DCP_GIS,2021/10/18 13:08:47.429+00,cac404ba-9e10-44c8-a60c-db630ec635f5,18-O-1025,https://aimewebapp.blob.core.windows.net/finalactions/18o1025.pdf,Braeburn Cirlcle,219922.28515625,2564.36665292846
173,ANX-2018-004,31.88246936,3,0,,,,,,,,,,,1388794.8102217,,,Annexed,DeKalb,2018/04/01 00:00:00+00,2018/05/01 00:00:00+00,COA_DCP_GIS,2021/10/18 13:08:47.429+00,COA_DCP_GIS,2021/10/18 13:08:47.429+00,fc4671a0-5177-4d67-bae3-13596f5b04d6,18-O-1130,https://aimewebapp.blob.core.windows.net/finalactions/18o1130.pdf,Moreland/Custer Shopping Center,186992.40625,1924.52169043552
174,ANX-2018-014,0.26,1,1,1,,,,,,,,,,11257.42761051,,,Annexed,DeKalb,2018/11/01 00:00:00+00,,COA_DCP_GIS,2021/10/18 13:08:47.429+00,COA_DCP_GIS,2021/10/18 13:08:47.429+00,f45bd15e-7889-4b67-95b3-f7556e3a95bf,18-O-1386,https://aimewebapp.blob.core.windows.net/finalactions/18o1386.pdf,1086 Rosedale,1518.19921875,181.961870393059
321,ANX-2017-006,0.08424066,1,3,1,,,,,,,,,,5280.53370836,,,Annexed,DeKalb,2017/11/01 00:00:00+00,2017/11/01 00:00:00+00,COA_DCP_GIS,2021/10/18 13:08:47.429+00,COA_DCP_GIS,2021/10/18 13:08:47.429+00,8a734849-91ce-417a-9d7e-7172bc3745d4,17-O-1337,https://aimewebapp.blob.core.windows.net/finalactions/17o1337.pdf,613 Kimberly Ln,712.3125,143.200592547125
324,ANX-2018-006,0.40429113,1,5,1,,,,,,,,,,17610.85109088,,,Annexed,DeKalb,2018/06/01 00:00:00+00,2018/06/01 00:00:00+00,COA_DCP_GIS,2021/10/18 13:08:47.429+00,COA_DCP_GIS,2021/10/18 13:08:47.429+00,78c9078d-6e4f-4e35-9c7f-64c169eb1c0b,18-O-1086,https://aimewebapp.blob.core.windows.net/finalactions/08o1086.pdf,1126 Mclynn,2375.30859375,202.044142177594
643,ANX-2018-008,0.29613652,1,,1,,,,,,,,,,12899.65533051,,,Annexed,DeKalb,2018/11/01 00:00:00+00,,COA_DCP_GIS,2021/10/18 13:08:47.429+00,COA_DCP_GIS,2021/10/18 13:08:47.429+00,7a140548-6ccb-4c91-bdbe-e157d7f647a1,18-O-1374,https://aimewebapp.blob.core.windows.net/finalactions/18o1374.pdf,1170 Amsterdam,1739.80859375,202.252562689076
644,ANX-2018-009,0.67125549,2,,2,,,,,,,,,,29239.77239768,,,Annexed,DeKalb,2018/11/01 00:00:00+00,,COA_DCP_GIS,2021/10/18 13:08:47.429+00,COA_DCP_GIS,2021/10/18 13:08:47.429+00,752756e9-a0ed-4ee8-b889-2ea8d4d5ae0f,18-O-1392,https://aimewebapp.blob.core.windows.net/finalactions/18o1392.pdf,1843 & 1847 Homestead Ave,3945.2265625,397.386802222542
646,ANX-2018-010,0.46078547,2,,2,,,,,,,,,,20071.73486389,,,Annexed,DeKalb,2018/11/01 00:00:00+00,,COA_DCP_GIS,2021/10/18 13:08:47.429+00,COA_DCP_GIS,2021/10/18 13:08:47.429+00,cac76fb1-d186-46e4-90bf-743f5ad308b7,18-O-1383,https://aimewebapp.blob.core.windows.net/finalactions/18o1383.pdf,2038 Swazey DR & 509 Summit Dr,2704.07421875,291.038137882957
647,ANX-2018-011,10.87111434,,,,,,,,,,,,,467348.82820247,,,Annexed,DeKalb,2018/09/26 00:00:00+00,2018/10/01 00:00:00+00,COA_DCP_GIS,2021/10/18 13:08:47.429+00,COA_DCP_GIS,2021/10/18 13:08:47.429+00,4a3fdfca-5f9a-46d0-a29f-faa678c76498,18-O-1378,https://aimewebapp.blob.core.windows.net/finalactions/18o1378.pdf,Loch Land/Willow Place,62943.46875,1243.13510386559
648,ANX-2018-012,0.17225052,1,1,1,,,,,,,,,,8510.0876448,,,Annexed,DeKalb,2018/11/01 00:00:00+00,,COA_DCP_GIS,2021/10/18 13:08:47.429+00,COA_DCP_GIS,2021/10/18 13:08:47.429+00,7e438285-ced1-4449-abfd-000233432a58,18-O-1375,https://aimewebapp.blob.core.windows.net/finalactions/18o1375.pdf,532 Parker Ave,1146.45703125,160.789493648176
649,ANX-2018-013,3.15579976,9,26,9,,,,,,,,,,137466.0875786,,,Annexed,DeKalb,2018/11/01 00:00:00+00,,COA_DCP_GIS,2021/10/18 13:08:47.429+00,COA_DCP_GIS,2021/10/18 13:08:47.429+00,145bd9a1-19c4-4eef-881e-3b8e7793870d,18-O-1465,https://aimewebapp.blob.core.windows.net/finalactions/18o1465.pdf,Oakfield Drive,18516.39453125,657.518515703656
961,ANX-2018-005,0.25982096,1,5,1,,,,,,,,,,11317.75562586,,,Annexed,DeKalb,2018/06/01 00:00:00+00,2018/06/01 00:00:00+00,COA_DCP_GIS,2021/10/18 13:08:47.429+00,COA_DCP_GIS,2021/10/18 13:08:47.429+00,8e01a586-8fe8-4ecf-8de6-02afedff7c4a,18-O-1082,https://aimewebapp.blob.core.windows.net/finalactions/18o1082.pdf,1122 Mclynn,1526.51953125,168.682181731287
962,ANX-2018-007,0.25817073,1,,,,,,,,,,,,13262.66419976,,,Annexed,DeKalb,2018/07/01 00:00:00+00,2018/08/01 00:00:00+00,COA_DCP_GIS,2021/10/18 13:08:47.429+00,COA_DCP_GIS,2021/10/18 13:08:47.429+00,2a61effa-dcd8-41e8-9e51-1058739d59aa,18-O-1238,https://aimewebapp.blob.core.windows.net/finalactions/18o1238.pdf,1098 Rosedale,1788.63671875,206.356891212479
1281,ANX-2019-001,0.13397231,1,,1,,,,,,,,,,5835.80580504,,,Annexed,DeKalb,2019/04/24 00:00:00+00,2019/05/01 00:00:00+00,COA_DCP_GIS,2021/10/18 13:08:47.429+00,COA_DCP_GIS,2021/10/18 13:08:47.429+00,e2548777-300c-480c-80e2-866c48cfebe8,18-O-1742,https://aimewebapp.blob.core.windows.net/finalactions/18o1742.pdf,465 Morgan Place,786.21875,123.997321745463
1282,ANX-2019-002,0.58573218,1,1,1,,,,,,,,,,27220.13877952,,,Annexed,DeKalb,2019/04/24 00:00:00+00,2019/05/01 00:00:00+00,COA_DCP_GIS,2021/10/18 13:08:47.429+00,COA_DCP_GIS,2021/10/18 13:08:47.429+00,86a5d35f-e23c-4dc2-98ef-51c4cf26f61b,18-O-1745,https://aimewebapp.blob.core.windows.net/finalactions/18o1745.pdf,536 Quillian Ave,3667,297.479819455271
1601,ANX-2019-003,7.01861758,1,0,0,,,,,,,,,,,,,Annexed,DeKalb,2019/06/01 00:00:00+00,2019/06/01 00:00:00+00,COA_DCP_GIS,2021/10/18 13:08:47.429+00,COA_DCP_GIS,2021/10/18 13:08:47.429+00,02958346-9a75-4a1d-add5-c316f26604b9,18-O-1539,https://aimewebapp.blob.core.windows.net/finalactions/18o1539.pdf,1834 Braeburn Circle,41185.15234375,1212.13022737005
1921,ANX-2019-004,7.61813324,19,,,,,,,,,,,,,,,Annexed,DeKalb,2019/12/11 00:00:00+00,2020/01/01 00:00:00+00,COA_DCP_GIS,2021/10/18 13:08:47.429+00,COA_DCP_GIS,2021/10/18 13:08:47.429+00,a6642597-fb24-4b04-bfc6-79b5bc91bcda,19-O-1618,https://aimewebapp.blob.core.windows.net/finalactions/18o1618.pdf,Lynndale,44694.59375,1004.67332358634
2241,ANX-2020-001,0.25815268,1,3,1,,,,,,,,,,,,,Annexed,DeKalb,2020/02/01 00:00:00+00,2020/02/01 00:00:00+00,COA_DCP_GIS,2021/10/18 13:08:47.429+00,COA_DCP_GIS,2021/10/18 13:08:47.429+00,b2af6a55-688a-4b47-8b7e-4440201009e2,19-O-1609,,1104 Rosedale,1516.54296875,181.505040109451
2561,ANX-2020-002,0.57666459,2,4,2,,,,,,,,,,25119.40920472,,,Annexed,DeKalb,2020/09/01 00:00:00+00,2020/09/17 00:00:00+00,COA_DCP_GIS,2021/10/18 13:08:47.429+00,COA_DCP_GIS,2021/10/18 13:08:47.429+00,4af4b657-13f0-4532-abf2-13b5580dca66,20-O-1276,,CloverdaleOakfield,3383.5234375,234.208871922448
2562,ANX-2020-003,1.98068748,,,,,,,,,,,,,86278.40141127,,,Annexed,DeKalb,2020/09/01 00:00:00+00,2020/09/17 00:00:00+00,COA_DCP_GIS,2021/10/18 13:08:47.429+00,COA_DCP_GIS,2021/10/18 13:08:47.429+00,f6b14604-cf7d-4936-a4a2-92624c51cc9d,20-O-1278,,Beechview,11620.1484375,438.518861043738
2881,ANX-2019-005,0.15342409,1,3,1,,,,,,,,,,,,,,,,,COA_DCP_GIS,2021/10/18 13:08:47.429+00,COA_DCP_GIS,2021/10/18 13:08:47.429+00,61196872-403a-4f60-83e9-97569e348705,19-O-1605,,412 Morgan Place,900.40234375,122.752117319618
3201,,,,,,,,,,,,,,,,,,,,,,COA_DCP_GIS,2021/10/18 13:08:47.429+00,COA_DCP_GIS,2021/10/18 13:08:47.429+00,30587d35-c4d2-4a21-8da2-ddc362451a4b,,,,,
